"EA-Type"	"EA-Package"	"EA-Name"	"EA-GUID"	"EA-Parent"	"EA-Domain"	"EA-Domain-GUID"	"EA-Range"	"ap-label-nl"	"ap-definition-nl"	"ap-usageNote-nl"	"ap-codelist"	"external term"	"namespace"	"localname"	"type"	"domain"	"range"	"parent"	"min card"	"max card"
"Package"	""	"OSLO-Gebouw"	"{A021A8CB-C605-414a-B84E-70AF7E293367}"	""	""	""	""	""	""	""	""	""	"https://data.vlaanderen.be/ns/"	"gebouw"	"http://www.w3.org/2002/07/owl#Ontology"	""	""	""	""	""
"ENUMERATION"	"OSLO-Gebouw"	"GebouweenheidstatusWaarde"	"{4CA98EFC-DCFC-4110-ABB5-966E595A17CB}"	""	""	""	""	""	"TODO"	""	""	"false"	"https://data.vlaanderen.be/ns/gebouw#"	"GebouweenheidstatusWaarde"	"http://www.w3.org/2000/01/rdf-schema#Class"	""	""	""	""	""
"ENUMERATION"	"OSLO-Gebouw"	"2DGeometrieMethodeWaarde"	"{D9C38FD1-EB43-4a32-ACBA-7F03F657F46E}"	""	""	""	""	""	"TODO"	""	""	"false"	"https://data.vlaanderen.be/ns/gebouw#2"	"DGeometrieMethodeWaarde"	"http://www.w3.org/2000/01/rdf-schema#Class"	""	""	""	""	""
"ENUMERATION"	"OSLO-Generiek"	"VerticaleReferentieWaarde"	"{0217459B-4F09-49b8-A7A3-DDDD242BDD18}"	""	""	""	""	""	"TODO"	""	"http://inspire.ec.europa.eu/codelist/VerticalReferenceValue"	"true"	"http://www.w3.org/2004/02/skos/core#"	"Concept"	"http://www.w3.org/2000/01/rdf-schema#Class"	""	""	""	""	""
"ENUMERATION"	"OSLO-Generiek"	"HorizontaleReferentieWaarde"	"{134B9984-67A2-4b13-92EF-9F44EF76E136}"	""	""	""	""	""	"TODO"	""	"http://inspire.ec.europa.eu/codelist/HorizontalGeometryReferenceValue"	"true"	"http://www.w3.org/2004/02/skos/core#"	"Concept"	"http://www.w3.org/2000/01/rdf-schema#Class"	""	""	""	""	""
"DATATYPE"	"OSLO-Generiek"	"Geometrie"	"{891193CD-0AF5-4144-88E0-66B0113E8838}"	""	""	""	""	"Geometrie"	"TODO"	""	""	"true"	"http://www.w3.org/ns/locn#"	"Geometry"	"http://www.w3.org/2000/01/rdf-schema#Class"	""	""	""	""	""
"DATATYPE"	"OSLO-Gebouw"	"2DGebouwgeometrie"	"{4D84C1B3-E502-40e6-9F0B-E93A0B0BF6D7}"	""	""	""	""	"2D Gebouwgeometrie"	"Geometrie van het gebouw en metadata over welk deel van het gebouw door de geometrie wordt voorgesteld en hoe deze werd bepaald."	""	""	"false"	"https://data.vlaanderen.be/ns/gebouw#2"	"DGebouwgeometrie"	"http://www.w3.org/2000/01/rdf-schema#Class"	""	""	""	""	""
"ENUMERATION"	"OSLO-Adres"	"Locatieaanduidingtype"	"{489BE893-9EDF-421a-80F8-47700C984D27}"	""	""	""	""	"Locatieaanduidingtype"	"Aard vd locatieaanduiding."	""	"http://inspire.ec.europa.eu/codelist/LocatorDesignatorTypeValue"	"true"	"http://www.w3.org/2004/02/skos/core#"	"Concept"	"http://www.w3.org/2000/01/rdf-schema#Class"	""	""	""	""	""
"DATATYPE"	"OSLO-Adres"	"Locatieaanduiding"	"{9FAC43BA-2573-4e8b-B606-912A4B41B9A8}"	""	""	""	""	"Locatieaanduiding"	"Alfanumerieke code die een adreslocator uniek identificeert binnen de straat, administratieve eenheid etc."	""	""	"true"	"https://data.vlaanderen.be/ns/adres#"	"Locatieaanduiding"	"http://www.w3.org/2000/01/rdf-schema#Class"	""	""	""	""	""
"DATATYPE"	"OSLO-Generiek"	"Gebeurtenisdatum"	"{FA80B78F-8D8B-4ace-B4BF-D3A49CFB9898}"	""	""	""	""	"Gebeurtenisdatum"	"Datum waarop een gebeurtenis plaatsvond evt op een alternatieve manier beschreven. "	""	""	"true"	"https://data.vlaanderen.be/ns/generiek#"	"Gebeurtenisdatum"	"http://www.w3.org/2000/01/rdf-schema#Class"	""	""	""	""	""
"ENUMERATION"	"OSLO-Gebouw"	"GebouwstatusWaarde"	"{1D78165C-E211-4ce3-9D48-74099CC53201}"	""	""	""	""	""	"Waarden die de status van een gebouw weergeven."	""	""	"true"	"http://www.w3.org/2004/02/skos/core#"	"Concept"	"http://www.w3.org/2000/01/rdf-schema#Class"	""	""	""	""	""
"ENUMERATION"	"OSLO-Gebouw"	"FunctieWaarde"	"{429973BA-E92B-4a71-AA4B-A9410E9F9F44}"	""	""	""	""	""	"Waarden die het huidig gebruik weergeven."	""	""	"true"	"http://www.w3.org/2004/02/skos/core#"	"Concept"	"http://www.w3.org/2000/01/rdf-schema#Class"	""	""	""	""	""
"DATATYPE"	"OSLO-Adres"	"Adresvoorstelling"	"{9C892166-AB1F-49ab-B1E6-275D824CFC80}"	""	""	""	""	"Adresvoorstelling"	"Meer leesbare voorstelling met enkel de basisgegevens van het adres, bedoeld voor het gebruik van een adres als attribuut van een ander object."	""	""	"true"	"http://www.w3.org/ns/locn#"	"Address"	"http://www.w3.org/2000/01/rdf-schema#Class"	""	""	""	""	""
"CLASS"	"OSLO-Adres"	"Adres"	"{3AC36F48-C747-4466-9F24-822EBF96B3D5}"	""	""	""	""	"Belgisch Adres"	"Informatie die toelaat om op een gestructureerde en unieke manier te verwijzen naar een gebouweenheid, een ligplaats, een standplaats of een perceel op basis van een gemeentenaam, een straatnaam, een huisnummer en eventueel een busnummer en een postcode."	""	""	"true"	"https://data.vlaanderen.be/ns/adres#"	"Adres"	"http://www.w3.org/2000/01/rdf-schema#Class"	""	""	"http://www.w3.org/ns/prov#Entity"	""	""
"CLASS"	"OSLO-Adres"	"AdresseerbaarObject"	"{875D1BD6-083E-468b-AEAE-441B29393E49}"	""	""	""	""	"Adresseerbaar Object"	"Geografisch object dat met een adres kan worden geïdentificeerd."	""	""	"true"	"https://data.vlaanderen.be/ns/adres#"	"AdresseerbaarObject"	"http://www.w3.org/2000/01/rdf-schema#Class"	""	""	""	""	""
"CLASS"	"OSLO-Gebouw"	"Gebouw"	"{0FC721D7-400B-497f-A9FE-F5E879B921A5}"	""	""	""	""	"Gebouw"	"Een gesloten en/of overdekt, bovengronds of ondergronds bouwwerk, dat dient of bestemd is, ofwel om mensen, dieren en voorwerpen onder te brengen, ofwel om economische goederen te vervaardigen of diensten te verstrekken. Een gebouw verwijst naar gelijk welke structuur die op blijvende wijze op een terrein opgetrokken of gebouwd wordt."	""	""	"false"	"https://data.vlaanderen.be/ns/gebouw#"	"Gebouw"	"http://www.w3.org/2000/01/rdf-schema#Class"	""	""	"http://www.w3.org/ns/prov#Entity"	""	""
"CLASS"	"OSLO-Gebouw"	"Gebouweenheid"	"{21C2BA24-2479-4dc0-A492-652CBE76F732}"	"AdresseerbaarObject"	""	""	""	"Gebouweenheid"	"De kleinste eenheid binnen een gebouw die geschikt is voor woon-, bedrijfsmatige, of recreatieve doeleinden en die ontsloten wordt via een eigen afsluitbare toegang vanaf de openbare weg, een erf of een gedeelde circulatieruimte. Een gebouweenheid is in functioneel opzicht zelfstandig. Daarnaast kan een gebouweenheid ook een gemeenschappelijk deel zijn."	""	""	"false"	"https://data.vlaanderen.be/ns/gebouw#"	"Gebouweenheid"	"http://www.w3.org/2000/01/rdf-schema#Class"	""	""	"http://www.w3.org/ns/prov#Entity, https://data.vlaanderen.be/ns/adres#AdresseerbaarObject"	""	""
"CLASS"	"OSLO-Perceel"	"Perceel"	"{6FF52DDB-795D-47e9-A008-1FC7E4006774}"	"AdresseerbaarObject"	""	""	""	"Perceel"	"Deel van het grondgebied officieel vastgesteld met een kadastraal of administratief doel."	""	""	"true"	"https://data.vlaanderen.be/ns/perceel#"	"Perceel"	"http://www.w3.org/2000/01/rdf-schema#Class"	""	""	"http://www.w3.org/ns/prov#Entity, https://data.vlaanderen.be/ns/adres#AdresseerbaarObject"	""	""
"connector"	""	"isToegekendAan"	"{D67C0D3B-3A63-4925-A8C7-7EC1A6056278}"	""	"Adres"	"{3AC36F48-C747-4466-9F24-822EBF96B3D5}"	"AdresseerbaarObject"	"is toegekend aan"	"Adresseerbaar object waaraan het adres is toegekend."	""	""	"true"	"https://data.vlaanderen.be/ns/adres#"	"isToegekendAan"	"http://www.w3.org/2002/07/owl#ObjectProperty"	"https://data.vlaanderen.be/ns/adres#Adres"	"https://data.vlaanderen.be/ns/adres#AdresseerbaarObject"	""	""	""
"connector"	""	"ligtOp"	"{A8C0C84C-5FC8-424e-A245-899E06AEF5BB}"	""	"Gebouw"	"{0FC721D7-400B-497f-A9FE-F5E879B921A5}"	"Perceel"	"ligt op"	"De gebouweenheden die tot het gebouw behoren."	""	""	"false"	"https://data.vlaanderen.be/ns/gebouw#"	"ligtOp"	"http://www.w3.org/2002/07/owl#ObjectProperty"	"https://data.vlaanderen.be/ns/gebouw#Gebouw"	"https://data.vlaanderen.be/ns/perceel#Perceel"	""	""	""
"connector"	""	"verwijstNaar"	"{FE5C3875-1BF9-4122-BFB2-4446C9CDE805}"	""	"Adresvoorstelling"	"{9C892166-AB1F-49ab-B1E6-275D824CFC80}"	"Adres"	"verwijst naar"	"Adres waarvan de adresvoorstelling is afgeleid."	""	""	"true"	"https://data.vlaanderen.be/ns/adres#"	"verwijstNaar"	"http://www.w3.org/2002/07/owl#ObjectProperty"	"http://www.w3.org/ns/locn#Address"	"https://data.vlaanderen.be/ns/adres#Adres"	""	""	""
"connector"	""	"bestaatUit"	"{CE2D6660-A7EF-486e-BF92-1FF3A16E2324}"	""	"Gebouw"	"{0FC721D7-400B-497f-A9FE-F5E879B921A5}"	"Gebouweenheid"	"bestaat uit"	"De percelen waarmee het gebouw officieel geassocieerd is."	""	""	"false"	"https://data.vlaanderen.be/ns/gebouw#"	"bestaatUit"	"http://www.w3.org/2002/07/owl#ObjectProperty"	"https://data.vlaanderen.be/ns/gebouw#Gebouw"	"https://data.vlaanderen.be/ns/gebouw#Gebouweenheid"	""	""	""
"attribute"	"OSLO-Generiek"	"gml"	"{09EE56A5-C94B-49e6-832B-D937621D264D}"	""	"Geometrie"	"{891193CD-0AF5-4144-88E0-66B0113E8838}"	"GetypeerdeString"	"als GML"	"TODO"	"Gebruik http://www.opengis.net/ont/geosparql#gmlLiteral als datatype."	""	"true"	"http://www.opengis.net/ont/geosparql#"	"asGML"	"http://www.w3.org/2002/07/owl#DatatypeProperty"	"http://www.w3.org/ns/locn#Geometry"	"http://www.w3.org/2000/01/rdf-schema#Literal"	""	"1"	"1"
"attribute"	"OSLO-Generiek"	"wkt"	"{8A0C8FDD-CAA2-4861-83A4-D01CB6D5195B}"	""	"Geometrie"	"{891193CD-0AF5-4144-88E0-66B0113E8838}"	"GetypeerdeString"	"als WKT"	"TODO"	"Gebruik http://www.opengis.net/ont/geosparql#wktLiteral als datatype."	""	"true"	"http://www.opengis.net/ont/geosparql#"	"asWKT"	"http://www.w3.org/2002/07/owl#DatatypeProperty"	"http://www.w3.org/ns/locn#Geometry"	"http://www.w3.org/2000/01/rdf-schema#Literal"	""	"1"	"1"
"attribute"	"OSLO-Gebouw"	"default"	"{AD869DA2-4881-4593-845E-9D37275F12B4}"	""	"2DGebouwgeometrie"	"{4D84C1B3-E502-40e6-9F0B-E93A0B0BF6D7}"	"Boolean"	"default"	"Geometrie die moet worden gebruikt bv bij voorstelling op kaart."	""	""	"false"	"https://data.vlaanderen.be/ns/gebouw#"	"default"	"http://www.w3.org/2002/07/owl#DatatypeProperty"	"https://data.vlaanderen.be/ns/gebouw#2DGebouwgeometrie"	"http://www.w3.org/2001/XMLSchema#boolean"	""	"1"	"1"
"attribute"	"OSLO-Gebouw"	"geometrie"	"{CA85DC66-0E0C-4d14-B88E-4F5CF2147D0F}"	""	"2DGebouwgeometrie"	"{4D84C1B3-E502-40e6-9F0B-E93A0B0BF6D7}"	"Geometrie"	"geometrie"	"2D geometrische voorstelling van het gebouw."	""	""	"false"	"https://data.vlaanderen.be/ns/gebouw#"	"geometrie"	"http://www.w3.org/2002/07/owl#ObjectProperty"	"https://data.vlaanderen.be/ns/gebouw#2DGebouwgeometrie"	"http://www.w3.org/ns/locn#Geometry"	""	"1"	"1"
"attribute"	"OSLO-Gebouw"	"horizontaleReferentie"	"{28521D82-D021-46c5-92FC-88C10D0509E1}"	""	"2DGebouwgeometrie"	"{4D84C1B3-E502-40e6-9F0B-E93A0B0BF6D7}"	"HorizontaleReferentieWaarde"	"horizontale referentie"	"Aspect van het object dat door de xy-coördinaten wordt voorgesteld."	""	""	"false"	"https://data.vlaanderen.be/ns/gebouw#"	"horizontaleReferentie"	"http://www.w3.org/2002/07/owl#ObjectProperty"	"https://data.vlaanderen.be/ns/gebouw#2DGebouwgeometrie"	"http://www.w3.org/2004/02/skos/core#Concept"	""	"1"	"1"
"attribute"	"OSLO-Gebouw"	"methode"	"{10BC3452-BD72-4896-B5D6-066A3C25CBD2}"	""	"2DGebouwgeometrie"	"{4D84C1B3-E502-40e6-9F0B-E93A0B0BF6D7}"	"2DGeometrieMethodeWaarde"	"methode"	"Beschrijving van de manier waarop de geometrie aangemaakt werd."	""	""	"false"	"https://data.vlaanderen.be/ns/gebouw#"	"methode"	"http://www.w3.org/2002/07/owl#ObjectProperty"	"https://data.vlaanderen.be/ns/gebouw#2DGebouwgeometrie"	"https://data.vlaanderen.be/ns/gebouw#2DGeometrieMethodeWaarde"	""	"1"	"1"
"attribute"	"OSLO-Gebouw"	"verticaleReferentie"	"{75505B22-1F6C-454f-910B-EE2F83239FA5}"	""	"2DGebouwgeometrie"	"{4D84C1B3-E502-40e6-9F0B-E93A0B0BF6D7}"	"VerticaleReferentieWaarde"	"verticale referentie"	"Aspect van het object dat door de z-coördinaten wordt voorgesteld."	""	""	"false"	"https://data.vlaanderen.be/ns/gebouw#"	"verticaleReferentie"	"http://www.w3.org/2002/07/owl#ObjectProperty"	"https://data.vlaanderen.be/ns/gebouw#2DGebouwgeometrie"	"http://www.w3.org/2004/02/skos/core#Concept"	""	"1"	"1"
"attribute"	"OSLO-Adres"	"aanduiding"	"{9D4D4CCC-A9A9-48b7-BC5B-6CC3A264B7AB}"	""	"Locatieaanduiding"	"{9FAC43BA-2573-4e8b-B606-912A4B41B9A8}"	"String"	"aanduiding"	"Alfanumerieke code waarmee het identificerend deel van een adreslocator wordt aangeduid."	""	""	"true"	"https://data.vlaanderen.be/ns/adres#"	"Locatieaanduiding.aanduiding"	"http://www.w3.org/2002/07/owl#DatatypeProperty"	"https://data.vlaanderen.be/ns/adres#Locatieaanduiding"	"http://www.w3.org/2001/XMLSchema#string"	""	"1"	"1"
"attribute"	"OSLO-Adres"	"type"	"{3EEB1968-1FB4-4397-AB00-53291D3B7E2B}"	""	"Locatieaanduiding"	"{9FAC43BA-2573-4e8b-B606-912A4B41B9A8}"	"Locatieaanduidingtype"	"type"	"Aard vd locatieaanduiding."	""	""	"true"	"https://data.vlaanderen.be/ns/adres#"	"Locatieaanduiding.type"	"http://www.w3.org/2002/07/owl#ObjectProperty"	"https://data.vlaanderen.be/ns/adres#Locatieaanduiding"	"http://www.w3.org/2004/02/skos/core#Concept"	""	"1"	"1"
"attribute"	"OSLO-Generiek"	"begin"	"{A1940CF2-1664-4172-928D-7892C53686B8}"	""	"Gebeurtenisdatum"	"{FA80B78F-8D8B-4ace-B4BF-D3A49CFB9898}"	"DateTime"	"begin"	"Datum en tijd waarop de gebeurtenis startte."	""	""	"true"	"https://data.vlaanderen.be/ns/generiek#"	"Gebeurtenisdatum.begin"	"http://www.w3.org/2002/07/owl#DatatypeProperty"	"https://data.vlaanderen.be/ns/generiek#Gebeurtenisdatum"	"http://www.w3.org/2001/XMLSchema#dateTime"	""	"1"	"1"
"attribute"	"OSLO-Generiek"	"einde"	"{A954834B-DA14-43e4-A805-D51F5C98550E}"	""	"Gebeurtenisdatum"	"{FA80B78F-8D8B-4ace-B4BF-D3A49CFB9898}"	"DateTime"	"einde"	"Datum en tijd waarop de gebeurtenis eindigde."	""	""	"true"	"https://data.vlaanderen.be/ns/generiek#"	"Gebeurtenisdatum.einde"	"http://www.w3.org/2002/07/owl#DatatypeProperty"	"https://data.vlaanderen.be/ns/generiek#Gebeurtenisdatum"	"http://www.w3.org/2001/XMLSchema#dateTime"	""	"1"	"1"
"attribute"	"OSLO-Generiek"	"tussentijdstip"	"{88A7C094-E372-4c64-8863-13E4C8E83C94}"	""	"Gebeurtenisdatum"	"{FA80B78F-8D8B-4ace-B4BF-D3A49CFB9898}"	"DateTime"	"tussentijdstip"	"Datum en tijd van een moment tussen begin en einde."	""	""	"true"	"https://data.vlaanderen.be/ns/generiek#"	"tussentijdstip"	"http://www.w3.org/2002/07/owl#DatatypeProperty"	"https://data.vlaanderen.be/ns/generiek#Gebeurtenisdatum"	"http://www.w3.org/2001/XMLSchema#dateTime"	""	"1"	"1"
"attribute"	"OSLO-Adres"	"administratieveEenheidNiveau1"	"{6D6A838C-0FC1-47ed-9B96-C26100FC8B09}"	""	"Adresvoorstelling"	"{9C892166-AB1F-49ab-B1E6-275D824CFC80}"	"TaalString"	"administratieve eenheid niveau 1"	"Hoogste Administratieve eenheid vh adres, doorgaans een land."	""	""	"true"	"http://www.w3.org/ns/locn#"	"adminUnitL1"	"http://www.w3.org/2002/07/owl#DatatypeProperty"	"http://www.w3.org/ns/locn#Address"	"http://www.w3.org/1999/02/22-rdf-syntax-ns#langString"	""	"1"	"1"
"attribute"	"OSLO-Adres"	"administratieveEenheidNiveau2"	"{670B4E1A-138C-498c-9A4D-116054010652}"	""	"Adresvoorstelling"	"{9C892166-AB1F-49ab-B1E6-275D824CFC80}"	"TaalString"	"administratieve eenheid niveau 2"	"De regio vh adres, doorgaans een provincie of deelstaat of gelijkaardig gebied dat typisch meerdere plaatsen omvat."	""	""	"true"	"http://www.w3.org/ns/locn#"	"adminUnitL2"	"http://www.w3.org/2002/07/owl#DatatypeProperty"	"http://www.w3.org/ns/locn#Address"	"http://www.w3.org/1999/02/22-rdf-syntax-ns#langString"	""	"1"	"1"
"attribute"	"OSLO-Adres"	"adresgebied"	"{648EBD89-62BE-428f-9256-52784DEC32BA}"	""	"Adresvoorstelling"	"{9C892166-AB1F-49ab-B1E6-275D824CFC80}"	"TaalString"	"adresgebied"	"Naam ve geografisch gebied of plaats die een aantal adresseerbare objecten groepeert om deze te adresseren zonder dat het gebied of de plaats een administratieve eenheid is"	""	""	"true"	"http://www.w3.org/ns/locn#"	"addressArea"	"http://www.w3.org/2002/07/owl#DatatypeProperty"	"http://www.w3.org/ns/locn#Address"	"http://www.w3.org/1999/02/22-rdf-syntax-ns#langString"	""	"1"	"1"
"attribute"	"OSLO-Adres"	"busnummer"	"{3C732873-1985-4721-B228-142861C14B45}"	""	"Adresvoorstelling"	"{9C892166-AB1F-49ab-B1E6-275D824CFC80}"	"String"	"busnummer"	"Officieel toegekende alfanumerieke code die wordt toegevoegd aan het huisnummer om meerdere gebouweenheden, standplaatsen, ligplaatsen of percelen te onderscheiden die eenzelfde huisnummer hebben."	""	""	"true"	"https://data.vlaanderen.be/ns/adres#"	"Adresvoorstelling.busnummer"	"http://www.w3.org/2002/07/owl#DatatypeProperty"	"http://www.w3.org/ns/locn#Address"	"http://www.w3.org/2001/XMLSchema#string"	"http://www.w3.org/ns/locn#locatorDesignator"	"1"	"1"
"attribute"	"OSLO-Adres"	"gemeentenaam"	"{D81597C3-1E7D-4ea3-904C-78B2D33B8627}"	""	"Adresvoorstelling"	"{9C892166-AB1F-49ab-B1E6-275D824CFC80}"	"TaalString"	"gemeentenaam"	"Gemeentenaam vh adres."	""	""	"true"	"https://data.vlaanderen.be/ns/adres#"	"gemeentenaam"	"http://www.w3.org/2002/07/owl#DatatypeProperty"	"http://www.w3.org/ns/locn#Address"	"http://www.w3.org/1999/02/22-rdf-syntax-ns#langString"	"http://www.w3.org/ns/locn#postName"	"1"	"1"
"attribute"	"OSLO-Adres"	"huisnummer"	"{C38FC992-A83E-4621-9E04-79F1E20D3B7A}"	""	"Adresvoorstelling"	"{9C892166-AB1F-49ab-B1E6-275D824CFC80}"	"String"	"huisnummer"	"Alfanumerieke code officieel toegekend aan gebouweenheden, ligplaatsen, standplaatsen of percelen."	""	""	"true"	"https://data.vlaanderen.be/ns/adres#"	"Adresvoorstelling.huisnummer"	"http://www.w3.org/2002/07/owl#DatatypeProperty"	"http://www.w3.org/ns/locn#Address"	"http://www.w3.org/2001/XMLSchema#string"	"http://www.w3.org/ns/locn#locatorDesignator"	"1"	"1"
"attribute"	"OSLO-Adres"	"land"	"{61B83024-A348-4cc4-83B8-6C7DEF304B87}"	""	"Adresvoorstelling"	"{9C892166-AB1F-49ab-B1E6-275D824CFC80}"	"TaalString"	"land"	"Land waarin het adres gelegen is."	""	""	"true"	"https://data.vlaanderen.be/ns/adres#"	"land"	"http://www.w3.org/2002/07/owl#DatatypeProperty"	"http://www.w3.org/ns/locn#Address"	"http://www.w3.org/1999/02/22-rdf-syntax-ns#langString"	"http://www.w3.org/ns/locn#adminUnitL1"	"1"	"1"
"attribute"	"OSLO-Adres"	"locatieaanduiding"	"{FEFE3C75-15FC-482e-8951-F4769CB6F753}"	""	"Adresvoorstelling"	"{9C892166-AB1F-49ab-B1E6-275D824CFC80}"	"String"	"locatieaanduiding"	"Alfanumerieke code die de adreslocator uniek identificeert binnen de straat, administratieve eenheid etc."	""	""	"true"	"http://www.w3.org/ns/locn#"	"locatorDesignator"	"http://www.w3.org/2002/07/owl#DatatypeProperty"	"http://www.w3.org/ns/locn#Address"	"http://www.w3.org/2001/XMLSchema#string"	""	"1"	"1"
"attribute"	"OSLO-Adres"	"locatienaam"	"{EB131369-0A37-4e62-806C-0C263D644938}"	""	"Adresvoorstelling"	"{9C892166-AB1F-49ab-B1E6-275D824CFC80}"	"TaalString"	"locatienaam"	"Naam of omschrijving vh het geografisch object dat de adreslocator aanduidt."	""	""	"true"	"http://www.w3.org/ns/locn#"	"locatorName"	"http://www.w3.org/2002/07/owl#DatatypeProperty"	"http://www.w3.org/ns/locn#Address"	"http://www.w3.org/1999/02/22-rdf-syntax-ns#langString"	""	"1"	"1"
"attribute"	"OSLO-Adres"	"postbus"	"{E8EA6E16-C73D-454d-BDB1-F1C310C42719}"	""	"Adresvoorstelling"	"{9C892166-AB1F-49ab-B1E6-275D824CFC80}"	"String"	"postbus"	"Postbusnummer in een postkantoor."	""	""	"true"	"http://www.w3.org/ns/locn#"	"poBox"	"http://www.w3.org/2002/07/owl#DatatypeProperty"	"http://www.w3.org/ns/locn#Address"	"http://www.w3.org/2001/XMLSchema#string"	""	"1"	"1"
"attribute"	"OSLO-Adres"	"postcode"	"{3B68922B-FC8F-44d3-9F81-7E27AD79DA3E}"	""	"Adresvoorstelling"	"{9C892166-AB1F-49ab-B1E6-275D824CFC80}"	"String"	"postcode"	"Code waarmee het geografisch gebied dat adressen voor postale doeleinden groepeert wordt aangeduid."	""	""	"true"	"http://www.w3.org/ns/locn#"	"postCode"	"http://www.w3.org/2002/07/owl#DatatypeProperty"	"http://www.w3.org/ns/locn#Address"	"http://www.w3.org/2001/XMLSchema#string"	""	"1"	"1"
"attribute"	"OSLO-Adres"	"postnaam"	"{8224DFD3-EAD7-4791-9FD6-CD0A5C2935AC}"	""	"Adresvoorstelling"	"{9C892166-AB1F-49ab-B1E6-275D824CFC80}"	"TaalString"	"postnaam"	"Naam waarmee het geografisch gebied dat adressen voor postale doeleinden groepeert wordt aangeduid."	""	""	"true"	"http://www.w3.org/ns/locn#"	"postName"	"http://www.w3.org/2002/07/owl#DatatypeProperty"	"http://www.w3.org/ns/locn#Address"	"http://www.w3.org/1999/02/22-rdf-syntax-ns#langString"	""	"1"	"1"
"attribute"	"OSLO-Adres"	"straatnaam"	"{F29A3CD0-A603-4656-9BCF-1C203A32700B}"	""	"Adresvoorstelling"	"{9C892166-AB1F-49ab-B1E6-275D824CFC80}"	"TaalString"	"straatnaam"	"Straatnaam vh adres."	""	""	"true"	"http://www.w3.org/ns/locn#"	"thoroughfare"	"http://www.w3.org/2002/07/owl#DatatypeProperty"	"http://www.w3.org/ns/locn#Address"	"http://www.w3.org/1999/02/22-rdf-syntax-ns#langString"	""	"1"	"1"
"attribute"	"OSLO-Adres"	"volledigAdres"	"{8DB17F92-A029-445c-9FC0-F9A7E5AF7922}"	""	"Adresvoorstelling"	"{9C892166-AB1F-49ab-B1E6-275D824CFC80}"	"TaalString"	"volledig adres"	"Het complete adres in één string, al dan niet geformatteerd."	""	""	"true"	"http://www.w3.org/ns/locn#"	"fullAddress"	"http://www.w3.org/2002/07/owl#DatatypeProperty"	"http://www.w3.org/ns/locn#Address"	"http://www.w3.org/1999/02/22-rdf-syntax-ns#langString"	""	"1"	"1"
"attribute"	"OSLO-Adres"	"busnummer"	"{9D376750-6869-4809-94E6-E5E6E13AA206}"	""	"Adres"	"{3AC36F48-C747-4466-9F24-822EBF96B3D5}"	"String"	"busnummer"	"Officieel toegekende alfanumerieke code die wordt toegevoegd aan het huisnummer om meerdere gebouweenheden, standplaatsen, ligplaatsen of percelen te onderscheiden die eenzelfde huisnummer hebben."	""	""	"true"	"https://data.vlaanderen.be/ns/adres#"	"busnummer"	"http://www.w3.org/2002/07/owl#DatatypeProperty"	"https://data.vlaanderen.be/ns/adres#Adres"	"http://www.w3.org/2001/XMLSchema#string"	""	"1"	"1"
"attribute"	"OSLO-Adres"	"huisnummer"	"{3A7176B9-E407-4ee6-BFD6-F24D407C564B}"	""	"Adres"	"{3AC36F48-C747-4466-9F24-822EBF96B3D5}"	"String"	"huisnummer"	"Alfanumerieke code officieel toegekend aan gebouweenheden, ligplaatsen, standplaatsen of percelen."	""	""	"true"	"https://data.vlaanderen.be/ns/adres#"	"huisnummer"	"http://www.w3.org/2002/07/owl#DatatypeProperty"	"https://data.vlaanderen.be/ns/adres#Adres"	"http://www.w3.org/2001/XMLSchema#string"	""	"1"	"1"
"attribute"	"OSLO-Adres"	"officieelToegekend"	"{224E3969-2380-4ac4-92AD-53390773FD5C}"	""	"Adres"	"{3AC36F48-C747-4466-9F24-822EBF96B3D5}"	"Boolean"	"officieel toegekend"	"Geeft aan of het adres officieel door de adresbeheerder is toegekend."	""	""	"true"	"https://data.vlaanderen.be/ns/adres#"	"officieelToegekend"	"http://www.w3.org/2002/07/owl#DatatypeProperty"	"https://data.vlaanderen.be/ns/adres#Adres"	"http://www.w3.org/2001/XMLSchema#boolean"	""	"1"	"1"
"attribute"	"OSLO-Adres"	"positie"	"{B8D049FF-B847-49b3-82BE-B377321634EB}"	""	"Adres"	"{3AC36F48-C747-4466-9F24-822EBF96B3D5}"	"GeografischePositie"	"positie"	"Positie van een karakeristiek punt dat de positie van het adres vertegenwoordigt volgens een bepaalde specificatie en inclusief informatie over de herkomst van de positie."	""	""	"true"	"https://data.vlaanderen.be/ns/adres#"	"positie"	"http://www.w3.org/2002/07/owl#ObjectProperty"	"https://data.vlaanderen.be/ns/adres#Adres"	"https://data.vlaanderen.be/ns/generiek#GeografischePositie"	"http://www.w3.org/ns/locn#geometry"	"1"	"1"
"attribute"	"OSLO-Adres"	"status"	"{1FA801AF-06EE-4c60-969B-6B56B7E5B24C}"	""	"Adres"	"{3AC36F48-C747-4466-9F24-822EBF96B3D5}"	"Statuswaarde"	"status"	"Actuele toestand van het adres."	""	""	"true"	"https://data.vlaanderen.be/ns/adres#"	"Adres.status"	"http://www.w3.org/2002/07/owl#ObjectProperty"	"https://data.vlaanderen.be/ns/adres#Adres"	"http://www.w3.org/2004/02/skos/core#Concept"	""	"1"	"1"
"attribute"	"OSLO-Gebouw"	"aantalBovengrondseVerdiepingen"	"{7C4DA451-1170-4feb-A27B-D47BBB8CECC4}"	""	"Gebouw"	"{0FC721D7-400B-497f-A9FE-F5E879B921A5}"	"Integer"	"aantal bovengrondse verdiepingen"	"Totaal van het aantal bovengrondse gebouwlagen, bekeken over alle gebouwdelen heen."	""	""	"false"	"https://data.vlaanderen.be/ns/gebouw#"	"aantalBovengrondseVerdiepingen"	"http://www.w3.org/2002/07/owl#DatatypeProperty"	"https://data.vlaanderen.be/ns/gebouw#Gebouw"	"http://www.w3.org/2001/XMLSchema#integer"	""	"1"	"1"
"attribute"	"OSLO-Gebouw"	"aantalOndergrondseVerdiepingen"	"{6014D5A5-ABD3-4f02-894F-24E983AD526D}"	""	"Gebouw"	"{0FC721D7-400B-497f-A9FE-F5E879B921A5}"	"Integer"	"aantal ondergrondse verdiepingen"	"Totaal van het aantal ondergrondse gebouwlagen, bekeken over alle gebouwdelen heen."	""	""	"false"	"https://data.vlaanderen.be/ns/gebouw#"	"aantalOndergrondseVerdiepingen"	"http://www.w3.org/2002/07/owl#DatatypeProperty"	"https://data.vlaanderen.be/ns/gebouw#Gebouw"	"http://www.w3.org/2001/XMLSchema#integer"	""	"1"	"1"
"attribute"	"OSLO-Gebouw"	"adres"	"{C81B486C-E231-45c5-AE2A-5F2B916D00CE}"	""	"Gebouw"	"{0FC721D7-400B-497f-A9FE-F5E879B921A5}"	"Adresvoorstelling"	"adres"	"Adres van het gebouw."	""	""	"false"	"https://data.vlaanderen.be/ns/gebouw#"	"Gebouw.adres"	"http://www.w3.org/2002/07/owl#ObjectProperty"	"https://data.vlaanderen.be/ns/gebouw#Gebouw"	"http://www.w3.org/ns/locn#Address"	""	"1"	"1"
"attribute"	"OSLO-Gebouw"	"bouwjaar"	"{27DB9B22-72F1-43fa-9A12-4435FC53EFBE}"	""	"Gebouw"	"{0FC721D7-400B-497f-A9FE-F5E879B921A5}"	"Gebeurtenisdatum"	"bouwjaar"	"Datum waarop het gebouw voltooid werd."	""	""	"false"	"https://data.vlaanderen.be/ns/gebouw#"	"bouwjaar"	"http://www.w3.org/2002/07/owl#ObjectProperty"	"https://data.vlaanderen.be/ns/gebouw#Gebouw"	"https://data.vlaanderen.be/ns/generiek#Gebeurtenisdatum"	""	"1"	"1"
"attribute"	"OSLO-Gebouw"	"gebouwnaam"	"{5D7477AB-19C8-4392-A7AC-8C096E1901F0}"	""	"Gebouw"	"{0FC721D7-400B-497f-A9FE-F5E879B921A5}"	"GeografischeNaam"	"gebouwnaam"	"Naam van het gebouw."	""	""	"false"	"https://data.vlaanderen.be/ns/gebouw#"	"gebouwnaam"	"http://www.w3.org/2002/07/owl#DatatypeProperty"	"https://data.vlaanderen.be/ns/gebouw#Gebouw"	"http://www.w3.org/1999/02/22-rdf-syntax-ns#langString"	""	"1"	"1"
"attribute"	"OSLO-Gebouw"	"geometrie"	"{83B357C7-D079-4ecc-9E0D-A5B1B448C094}"	""	"Gebouw"	"{0FC721D7-400B-497f-A9FE-F5E879B921A5}"	"2DGebouwgeometrie"	"geometrie"	"2D geometrische voorstelling van het gebouw."	""	""	"false"	"https://data.vlaanderen.be/ns/gebouw#"	"Gebouw.geometrie"	"http://www.w3.org/2002/07/owl#ObjectProperty"	"https://data.vlaanderen.be/ns/gebouw#Gebouw"	"https://data.vlaanderen.be/ns/gebouw#2DGebouwgeometrie"	""	"1"	"1"
"attribute"	"OSLO-Gebouw"	"laatsteRenovatie"	"{CEEFFDB4-FDE0-4193-B196-8B1B9E92E6F8}"	""	"Gebouw"	"{0FC721D7-400B-497f-A9FE-F5E879B921A5}"	"Gebeurtenisdatum"	"laatste renovatie"	"Datum waarop het gebouw het laatst gerenoveerd werd."	""	""	"false"	"https://data.vlaanderen.be/ns/gebouw#"	"laatsteRenovatie"	"http://www.w3.org/2002/07/owl#ObjectProperty"	"https://data.vlaanderen.be/ns/gebouw#Gebouw"	"https://data.vlaanderen.be/ns/generiek#Gebeurtenisdatum"	""	"1"	"1"
"attribute"	"OSLO-Gebouw"	"status"	"{B68620A0-31FB-4d22-AA04-366527B28B1E}"	""	"Gebouw"	"{0FC721D7-400B-497f-A9FE-F5E879B921A5}"	"GebouwstatusWaarde"	"status"	"Fase van de levensloop waarin het gebouw zich bevindt."	""	""	"false"	"https://data.vlaanderen.be/ns/gebouw#"	"Gebouw.status"	"http://www.w3.org/2002/07/owl#ObjectProperty"	"https://data.vlaanderen.be/ns/gebouw#Gebouw"	"http://www.w3.org/2004/02/skos/core#Concept"	""	"1"	"1"
"attribute"	"OSLO-Gebouw"	"adres"	"{C9C37BE5-5DD0-45e1-942D-867A6717B523}"	""	"Gebouweenheid"	"{21C2BA24-2479-4dc0-A492-652CBE76F732}"	"Adresvoorstelling"	"adres"	"Adres vd gebouweenheid."	""	""	"false"	"https://data.vlaanderen.be/ns/gebouw#"	"Gebouweenheid.adres"	"http://www.w3.org/2002/07/owl#ObjectProperty"	"https://data.vlaanderen.be/ns/gebouw#Gebouweenheid"	"http://www.w3.org/ns/locn#Address"	""	"1"	"1"
"attribute"	"OSLO-Gebouw"	"functie"	"{078FF126-3859-495c-9A67-7B10D2CD754A}"	""	"Gebouweenheid"	"{21C2BA24-2479-4dc0-A492-652CBE76F732}"	"FunctieWaarde"	"functie"	"Functie waarvoor de gebouweenheid in de realiteit (zoals vastgesteld op het terrein) gebruikt wordt."	""	""	"false"	"https://data.vlaanderen.be/ns/gebouw#"	"functie"	"http://www.w3.org/2002/07/owl#ObjectProperty"	"https://data.vlaanderen.be/ns/gebouw#Gebouweenheid"	"http://www.w3.org/2004/02/skos/core#Concept"	""	"1"	"1"
"attribute"	"OSLO-Gebouw"	"geometrie"	"{69EDF63A-A474-46b5-B83E-6E010B0475F0}"	""	"Gebouweenheid"	"{21C2BA24-2479-4dc0-A492-652CBE76F732}"	"Geometrie"	"geometrie"	"2D geometrische voorstelling van de gebouweenheid."	""	""	"false"	"https://data.vlaanderen.be/ns/gebouw#"	"Gebouweenheid.geometrie"	"http://www.w3.org/2002/07/owl#ObjectProperty"	"https://data.vlaanderen.be/ns/gebouw#Gebouweenheid"	"http://www.w3.org/ns/locn#Geometry"	""	"1"	"1"
"attribute"	"OSLO-Gebouw"	"locatieAanduiding"	"{B55F2C57-75D6-4e47-A536-AEED5E2F5175}"	""	"Gebouweenheid"	"{21C2BA24-2479-4dc0-A492-652CBE76F732}"	"Locatieaanduiding"	"locatie-aanduiding"	"Alfanumerieke code die een adreslocator uniek identificeert binnen de straat, administratieve eenheid etc."	""	""	"false"	"https://data.vlaanderen.be/ns/gebouw#"	"locatieAanduiding"	"http://www.w3.org/2002/07/owl#ObjectProperty"	"https://data.vlaanderen.be/ns/gebouw#Gebouweenheid"	"https://data.vlaanderen.be/ns/adres#Locatieaanduiding"	""	"1"	"1"
"attribute"	"OSLO-Gebouw"	"status"	"{CB74374F-1BF0-4c11-B150-D885464D330D}"	""	"Gebouweenheid"	"{21C2BA24-2479-4dc0-A492-652CBE76F732}"	"GebouweenheidstatusWaarde"	"gebouweenheidstatus"	"Fase van de levensloop waarin de gebouweenheid zich bevindt."	""	""	"false"	"https://data.vlaanderen.be/ns/gebouw#"	"Gebouweenheid.status"	"http://www.w3.org/2002/07/owl#ObjectProperty"	"https://data.vlaanderen.be/ns/gebouw#Gebouweenheid"	"https://data.vlaanderen.be/ns/gebouw#GebouweenheidstatusWaarde"	""	"1"	"1"
"attribute"	"OSLO-Perceel"	"adres"	"{702BE8F8-1F48-4780-BF4F-E278F53DCAE5}"	""	"Perceel"	"{6FF52DDB-795D-47e9-A008-1FC7E4006774}"	"Adresvoorstelling"	""	"TODO"	""	""	"true"	"https://data.vlaanderen.be/ns/perceel#"	"adres"	"http://www.w3.org/2002/07/owl#ObjectProperty"	"https://data.vlaanderen.be/ns/perceel#Perceel"	"http://www.w3.org/ns/locn#Address"	""	"0"	"1"
"attribute"	"OSLO-Perceel"	"geldigheidsperiode"	"{8E0CAF2D-0B18-4b82-B3D7-1595C9C7E049}"	""	"Perceel"	"{6FF52DDB-795D-47e9-A008-1FC7E4006774}"	"Periode"	""	"TODO"	""	""	"true"	"https://data.vlaanderen.be/ns/perceel#"	"geldigheidsperiode"	"http://www.w3.org/1999/02/22-rdf-syntax-ns#Property"	"https://data.vlaanderen.be/ns/perceel#Perceel"	""	""	"0"	"1"
"attribute"	"OSLO-Perceel"	"geometrie"	"{A236DE07-9607-481f-8994-A9E1E2A5FF93}"	""	"Perceel"	"{6FF52DDB-795D-47e9-A008-1FC7E4006774}"	"Geometrie"	""	"TODO"	""	""	"true"	"https://data.vlaanderen.be/ns/perceel#"	"geometrie"	"http://www.w3.org/2002/07/owl#ObjectProperty"	"https://data.vlaanderen.be/ns/perceel#Perceel"	"http://www.w3.org/ns/locn#Geometry"	""	"1"	"1"
